iteration,time,total_mass,phi_min,phi_max
0,0.0,-0.7043441095808354,-1.0,1.0038302538579815
10000,200.0000000000285,nan,nan,nan
20000,399.99999999992616,nan,nan,nan
